[
{
    "model": "game.story",
    "pk": 1,
    "fields": {
        "title": "Forest Adventure",
        "description": "Embark on a mysterious journey through an enchanted forest.",
        "image": ""
    }
},
{
    "model": "game.story",
    "pk": 2,
    "fields": {
        "title": "Space Odyssey",
        "description": "Explore the vast reaches of space in this cosmic adventure.",
        "image": ""
    }
},
{
    "model": "game.story",
    "pk": 3,
    "fields": {
        "title": "Truth Quest",
        "description": "Hi, I am Adjoa. I live in Accra with my parents and 2 older siblings, Jay and Kwaku. \r\nI am a curious 12-year-old and I love to spend time on Facebook, where I follow musicians, my favourite influencers and chat with friends. Follow me on this journey as I navigate through daily social media frenzies.",
        "image": "level_images/_85a7bd21-d8ce-4203-9e5f-486e41b1ef45_w5li8Yy.jpeg"
    }
},
{
    "model": "game.level",
    "pk": 1,
    "fields": {
        "title": null,
        "story": 1,
        "image": "level_images/_ccc8a9a9-10d7-4621-a92d-e684ada13330.jpeg",
        "order": 1
    }
},
{
    "model": "game.level",
    "pk": 2,
    "fields": {
        "title": null,
        "story": 1,
        "image": "level_images/_85a7bd21-d8ce-4203-9e5f-486e41b1ef45.jpeg",
        "order": 2
    }
},
{
    "model": "game.level",
    "pk": 3,
    "fields": {
        "title": null,
        "story": 1,
        "image": "level_images/_2b41be72-d093-4711-afad-cb2c78b38084.jpeg",
        "order": 3
    }
},
{
    "model": "game.level",
    "pk": 4,
    "fields": {
        "title": null,
        "story": 2,
        "image": "level_images/asteroid_field.jpg",
        "order": 1
    }
},
{
    "model": "game.level",
    "pk": 5,
    "fields": {
        "title": null,
        "story": 2,
        "image": "level_images/distress_signal.jpg",
        "order": 2
    }
},
{
    "model": "game.level",
    "pk": 6,
    "fields": {
        "title": "1",
        "story": 3,
        "image": "",
        "order": 1
    }
},
{
    "model": "game.scenario",
    "pk": 1,
    "fields": {
        "story": 3,
        "level": 6,
        "description": "One Saturday afternoon, Adjoa took her sisterÆs phone to check whatÆs happening on Facebook. While scrolling through her feed, Adjoa comes across a post that catches her attention.\r\nOne of her favourites and a popular influence had posted: \"Drinking ginger tea every morning will keep you from getting sick forever!\" The post had over 10k likes and shares, and it seems everyone is talking about it. What should I do?",
        "image": "level_images/_e3a880f3-4d79-467e-9190-88decc040561.jpeg",
        "order": 1
    }
},
{
    "model": "game.scenario",
    "pk": 2,
    "fields": {
        "story": 3,
        "level": 6,
        "description": "Adjoa sees another post, this time claiming that a famous local doctor endorses the tea as a miracle cure. The message even includes a picture of the doctor holding a cup of ginger tea.\r\nBut Adjoa remembers what she learned from the previous scenario and feels suspicious.",
        "image": "level_images/_200b158c-9a32-4336-b775-74069bc975c4.jpeg",
        "order": 2
    }
},
{
    "model": "game.scenario",
    "pk": 3,
    "fields": {
        "story": 3,
        "level": 6,
        "description": "Adjoa receives a heartfelt sponsored message via her DM about a child who needs help for surgery. The message says that donations are urgently needed and includes a link to a donation page. This seems very convincing as the child is seen in a known hospital. Kindhearted Adjoa is moved to donate some of her savings.",
        "image": "level_images/_9b612f54-2dd5-4644-8ad8-6a623b41673c.jpeg",
        "order": 3
    }
},
{
    "model": "game.scenario",
    "pk": 4,
    "fields": {
        "story": 3,
        "level": 6,
        "description": "As Adjoa starts becoming more aware of online dangers, she begins noticing how easy it is for people to be misinformed. But soon, she faces another challenge.\r\n\r\nOn Monday during school lunch break, while talking to her friends about the false donation link, Adjoa hears a rumor thatÆs spreading in her class: \"School is going to close early because someone got really sick!\" The rumor is spreading fast, and everyone is getting worried.\r\n\r\nAdjoa remembers how easily false messages can spread and decides to be careful.",
        "image": "level_images/_6e570f12-4604-4983-adf8-e8a9565de465.jpeg",
        "order": 4
    }
},
{
    "model": "game.scenario",
    "pk": 5,
    "fields": {
        "story": 3,
        "level": 6,
        "description": "Just as Adjoa is feeling more confident in her ability to spot fake news. While relaxing after school, her elder brother, Kweku tells her of a TikTok post he saw about her favorite musician. The post claims that the musician got into serious trouble with the police and even shows pictures of the musician looking upset.\r\n\r\nThe post is getting a lot of attention, and Adjoa feels tempted to share it with her class group chat.",
        "image": "level_images/_07194e24-8e97-4ca5-88e5-e0af5b79287a.jpeg",
        "order": 5
    }
},
{
    "model": "game.scenario",
    "pk": 6,
    "fields": {
        "story": 3,
        "level": 6,
        "description": "On a rainy Saturday morning, Adjoa is feeling more confident after successfully navigating the previous situations. She sees a chain WhatsApp message on her motherÆs phone from one of her contacts that says, \"Forward this to 10 people, and youÆll have good luck! If you donÆt, something bad might happen!\" The message seems harmless, but she remembers what she has been through recently.",
        "image": "level_images/_33a49a26-72ca-41b5-9335-ee966b763b35.jpeg",
        "order": 6
    }
},
{
    "model": "game.scenario",
    "pk": 7,
    "fields": {
        "story": 3,
        "level": 6,
        "description": "Just before she sent the phone back to her mum, Adjoa saw a breaking news alert on the news app. The notification says - \"Massive flood disaster in the cityùstay indoors!\" The alert includes dramatic flooding photos and urgent warnings.",
        "image": "level_images/_af65edf8-114f-49a5-9e9e-53701dfb78bf.jpeg",
        "order": 7
    }
},
{
    "model": "game.scenario",
    "pk": 8,
    "fields": {
        "story": 3,
        "level": 6,
        "description": "Adjoa gets an email claiming she has won a prize in a regional schools contest. To claim it, she needs to provide personal details and pay a small handling fee. She approaches her mother about this email. What should she do afterwards?",
        "image": "level_images/_0f3fdf2b-f32d-460e-8cfa-9618b0385313.jpeg",
        "order": 8
    }
},
{
    "model": "game.scenario",
    "pk": 9,
    "fields": {
        "story": 3,
        "level": 6,
        "description": "Adjoa sees a TikTok challenge thatÆs trending, promising fun and excitement. The challenge involves doing a specific activity and posting a video to win a prize.",
        "image": "level_images/_4f48cce3-1cd8-4ff7-bc58-7658b7ead659.jpeg",
        "order": 9
    }
},
{
    "model": "game.scenario",
    "pk": 10,
    "fields": {
        "story": 3,
        "level": 6,
        "description": "Adjoa sees another email notification about a package being delivered to her home by Amazon that she didnÆt order. The notification says the package contains makeup kits and dresses worth over 300USD and asks for confirmation and personal details to ensure delivery. They even mention her full name in the email which makes it sound very legitimate.",
        "image": "level_images/_eaed5da5-cddb-44b2-81c8-10166fad9c61.jpeg",
        "order": 10
    }
},
{
    "model": "game.action",
    "pk": 1,
    "fields": {
        "scenario": null,
        "text": "Open the door",
        "is_correct": true,
        "points": 100
    }
},
{
    "model": "game.action",
    "pk": 2,
    "fields": {
        "scenario": null,
        "text": "Walk away",
        "is_correct": false,
        "points": -100
    }
},
{
    "model": "game.action",
    "pk": 3,
    "fields": {
        "scenario": null,
        "text": "Knock on the door",
        "is_correct": false,
        "points": -100
    }
},
{
    "model": "game.action",
    "pk": 4,
    "fields": {
        "scenario": null,
        "text": "Touch the artifact",
        "is_correct": false,
        "points": -100
    }
},
{
    "model": "game.action",
    "pk": 5,
    "fields": {
        "scenario": null,
        "text": "Examine it closely",
        "is_correct": true,
        "points": 100
    }
},
{
    "model": "game.action",
    "pk": 6,
    "fields": {
        "scenario": null,
        "text": "Ignore it and explore further",
        "is_correct": false,
        "points": -100
    }
},
{
    "model": "game.action",
    "pk": 7,
    "fields": {
        "scenario": null,
        "text": "Say 'Open Sesame'",
        "is_correct": false,
        "points": -100
    }
},
{
    "model": "game.action",
    "pk": 8,
    "fields": {
        "scenario": null,
        "text": "Remain silent",
        "is_correct": true,
        "points": 100
    }
},
{
    "model": "game.action",
    "pk": 9,
    "fields": {
        "scenario": null,
        "text": "Try to run past the guardian",
        "is_correct": false,
        "points": -100
    }
},
{
    "model": "game.action",
    "pk": 10,
    "fields": {
        "scenario": null,
        "text": "Activate shields and plow through",
        "is_correct": false,
        "points": 0
    }
},
{
    "model": "game.action",
    "pk": 11,
    "fields": {
        "scenario": null,
        "text": "Carefully maneuver around the asteroids",
        "is_correct": true,
        "points": 0
    }
},
{
    "model": "game.action",
    "pk": 12,
    "fields": {
        "scenario": null,
        "text": "Use the ship's weapons to destroy the asteroids",
        "is_correct": false,
        "points": 0
    }
},
{
    "model": "game.action",
    "pk": 13,
    "fields": {
        "scenario": null,
        "text": "Ignore the signal and continue your mission",
        "is_correct": false,
        "points": 0
    }
},
{
    "model": "game.action",
    "pk": 14,
    "fields": {
        "scenario": null,
        "text": "Investigate the source of the signal",
        "is_correct": true,
        "points": 0
    }
},
{
    "model": "game.action",
    "pk": 15,
    "fields": {
        "scenario": null,
        "text": "Report the signal to space command and await orders",
        "is_correct": false,
        "points": 0
    }
},
{
    "model": "game.action",
    "pk": 16,
    "fields": {
        "scenario": 1,
        "text": "Share it with your friends because it sounds helpful and would save lives.",
        "is_correct": false,
        "points": 0
    }
},
{
    "model": "game.action",
    "pk": 17,
    "fields": {
        "scenario": 1,
        "text": "Ask her elder sister and look it up online to see if it's true.",
        "is_correct": true,
        "points": 3
    }
},
{
    "model": "game.action",
    "pk": 18,
    "fields": {
        "scenario": 1,
        "text": "Ignore it and keep scrolling.",
        "is_correct": true,
        "points": 1
    }
},
{
    "model": "game.action",
    "pk": 19,
    "fields": {
        "scenario": 2,
        "text": "Share the message because it sounds convincing, especially with the doctorÆs picture.",
        "is_correct": false,
        "points": 0
    }
},
{
    "model": "game.action",
    "pk": 21,
    "fields": {
        "scenario": 2,
        "text": "Ask her friends on their group chat if they think the message is true",
        "is_correct": true,
        "points": 1
    }
},
{
    "model": "game.action",
    "pk": 22,
    "fields": {
        "scenario": 3,
        "text": "Donate immediately because itÆs for a good cause and kindness is a good deed",
        "is_correct": false,
        "points": 0
    }
},
{
    "model": "game.action",
    "pk": 23,
    "fields": {
        "scenario": 3,
        "text": "Check with her sister or any elderly person around to see if the donation link is legitimate",
        "is_correct": true,
        "points": 3
    }
},
{
    "model": "game.action",
    "pk": 24,
    "fields": {
        "scenario": 3,
        "text": "Share the message with her friends so they can help too.",
        "is_correct": false,
        "points": 0
    }
},
{
    "model": "game.action",
    "pk": 25,
    "fields": {
        "scenario": 4,
        "text": "Ask a teacher or the school office to find out if itÆs true.",
        "is_correct": true,
        "points": 3
    }
},
{
    "model": "game.action",
    "pk": 26,
    "fields": {
        "scenario": 4,
        "text": "Tell all her friends about the rumor to make sure they know.",
        "is_correct": false,
        "points": 0
    }
},
{
    "model": "game.action",
    "pk": 27,
    "fields": {
        "scenario": 4,
        "text": "Decides to stay home until the rumor is cleared",
        "is_correct": false,
        "points": 0
    }
},
{
    "model": "game.action",
    "pk": 28,
    "fields": {
        "scenario": 5,
        "text": "Share the post because itÆs surprising and others should know.",
        "is_correct": false,
        "points": 0
    }
},
{
    "model": "game.action",
    "pk": 29,
    "fields": {
        "scenario": 5,
        "text": "Ask her friends what they think about the post",
        "is_correct": true,
        "points": 1
    }
},
{
    "model": "game.action",
    "pk": 30,
    "fields": {
        "scenario": 5,
        "text": "Check the musicianÆs official pages to see if itÆs true",
        "is_correct": true,
        "points": 3
    }
},
{
    "model": "game.action",
    "pk": 31,
    "fields": {
        "scenario": 2,
        "text": "Search online to see if the popular doctor really endorses the tea and it is reported elsewhere",
        "is_correct": true,
        "points": 3
    }
},
{
    "model": "game.action",
    "pk": 32,
    "fields": {
        "scenario": 6,
        "text": "Forward the message because it is harmless and she doesnÆt want bad luck",
        "is_correct": false,
        "points": 0
    }
},
{
    "model": "game.action",
    "pk": 33,
    "fields": {
        "scenario": 6,
        "text": "Ignore the message because she doesnÆt believe in it",
        "is_correct": true,
        "points": 1
    }
},
{
    "model": "game.action",
    "pk": 34,
    "fields": {
        "scenario": 6,
        "text": "Ask her parents if these kinds of messages are true",
        "is_correct": true,
        "points": 3
    }
},
{
    "model": "game.action",
    "pk": 35,
    "fields": {
        "scenario": 7,
        "text": "Verify by checking the news from reliable news sources before reacting",
        "is_correct": true,
        "points": 3
    }
},
{
    "model": "game.action",
    "pk": 36,
    "fields": {
        "scenario": 7,
        "text": "Stay indoors and warn her friends and family",
        "is_correct": true,
        "points": 1
    }
},
{
    "model": "game.action",
    "pk": 37,
    "fields": {
        "scenario": 7,
        "text": "Share the alert with everyone to make sure they are safe",
        "is_correct": false,
        "points": 0
    }
},
{
    "model": "game.action",
    "pk": 38,
    "fields": {
        "scenario": 8,
        "text": "Provide her personal details and pay the fee using her mumÆs mobile money to claim the prize.",
        "is_correct": false,
        "points": 0
    }
},
{
    "model": "game.action",
    "pk": 39,
    "fields": {
        "scenario": 8,
        "text": "Ignore the message because it seems suspicious.",
        "is_correct": true,
        "points": 1
    }
},
{
    "model": "game.action",
    "pk": 40,
    "fields": {
        "scenario": 8,
        "text": "Check with her school to see if the contest is real.",
        "is_correct": true,
        "points": 3
    }
},
{
    "model": "game.action",
    "pk": 41,
    "fields": {
        "scenario": 9,
        "text": "Check if the challenge is safe and if the prize is real by looking out for reviews",
        "is_correct": true,
        "points": 3
    }
},
{
    "model": "game.action",
    "pk": 42,
    "fields": {
        "scenario": 9,
        "text": "Participate in the challenge and post the video",
        "is_correct": false,
        "points": 0
    }
},
{
    "model": "game.action",
    "pk": 43,
    "fields": {
        "scenario": 9,
        "text": "Ask her friends if they are participating and what they think",
        "is_correct": true,
        "points": 1
    }
},
{
    "model": "game.action",
    "pk": 44,
    "fields": {
        "scenario": 10,
        "text": "Ignore the notification because it seems suspicious",
        "is_correct": true,
        "points": 1
    }
},
{
    "model": "game.action",
    "pk": 45,
    "fields": {
        "scenario": 10,
        "text": "Search for AmazonÆs customer care contact and directly ask them to verify the package",
        "is_correct": true,
        "points": 3
    }
},
{
    "model": "game.action",
    "pk": 46,
    "fields": {
        "scenario": 10,
        "text": "Provide the details to confirm the delivery",
        "is_correct": false,
        "points": 0
    }
},
{
    "model": "game.leaderboardentry",
    "pk": 1,
    "fields": {
        "user": 1,
        "story": 1,
        "score": 3,
        "created_at": "2023-04-15T10:30:00Z"
    }
},
{
    "model": "game.leaderboardentry",
    "pk": 2,
    "fields": {
        "user": 2,
        "story": 1,
        "score": 2,
        "created_at": "2023-04-15T11:15:00Z"
    }
},
{
    "model": "game.leaderboardentry",
    "pk": 3,
    "fields": {
        "user": 3,
        "story": 1,
        "score": 3,
        "created_at": "2023-04-15T12:00:00Z"
    }
},
{
    "model": "game.leaderboardentry",
    "pk": 4,
    "fields": {
        "user": 1,
        "story": 2,
        "score": 2,
        "created_at": "2023-04-16T09:30:00Z"
    }
},
{
    "model": "game.leaderboardentry",
    "pk": 5,
    "fields": {
        "user": 2,
        "story": 2,
        "score": 1,
        "created_at": "2023-04-16T10:45:00Z"
    }
},
{
    "model": "game.leaderboardentry",
    "pk": 6,
    "fields": {
        "user": 4,
        "story": 1,
        "score": 200,
        "created_at": "2024-10-01T18:04:49.305Z"
    }
},
{
    "model": "game.badge",
    "pk": 1,
    "fields": {
        "name": "Forest Explorer",
        "description": "Completed the Forest Adventure story",
        "image": "badge_images/forest_explorer.png"
    }
},
{
    "model": "game.badge",
    "pk": 2,
    "fields": {
        "name": "Space Pioneer",
        "description": "Completed the Space Odyssey story",
        "image": "badge_images/space_pioneer.png"
    }
},
{
    "model": "game.gameinvite",
    "pk": 1,
    "fields": {
        "inviter": 4,
        "token": "12b1bb83-9553-419d-bc76-b7264ccf3d6a",
        "story": 1,
        "created_at": "2024-10-02T11:43:43.719Z",
        "expires_at": "2024-10-09T11:43:43.719Z"
    }
},
{
    "model": "game.gameinvite",
    "pk": 2,
    "fields": {
        "inviter": 4,
        "token": "d5f8858a-fa5c-4b23-8ff1-80e08360b4b3",
        "story": 1,
        "created_at": "2024-10-02T12:30:23.186Z",
        "expires_at": "2024-10-09T12:30:23.176Z"
    }
},
{
    "model": "game.gameinvite",
    "pk": 3,
    "fields": {
        "inviter": 4,
        "token": "d0bd8f81-d78e-4337-bd03-769d3d91876a",
        "story": 1,
        "created_at": "2024-10-02T12:30:25.716Z",
        "expires_at": "2024-10-09T12:30:25.716Z"
    }
},
{
    "model": "game.gameinvite",
    "pk": 4,
    "fields": {
        "inviter": 4,
        "token": "ba1ded20-bf8d-42fc-9ca9-6ce1f306261f",
        "story": 1,
        "created_at": "2024-10-02T12:30:25.919Z",
        "expires_at": "2024-10-09T12:30:25.919Z"
    }
},
{
    "model": "game.gameinvite",
    "pk": 5,
    "fields": {
        "inviter": 4,
        "token": "0522f0ec-005e-4475-9264-4baab37eb33e",
        "story": 1,
        "created_at": "2024-10-02T12:30:26.757Z",
        "expires_at": "2024-10-09T12:30:26.757Z"
    }
},
{
    "model": "game.gameinvite",
    "pk": 6,
    "fields": {
        "inviter": 4,
        "token": "48e7b600-7809-40c3-b96c-1775f9e87c1b",
        "story": 1,
        "created_at": "2024-10-02T12:30:27.077Z",
        "expires_at": "2024-10-09T12:30:27.077Z"
    }
},
{
    "model": "game.gameinvite",
    "pk": 7,
    "fields": {
        "inviter": 4,
        "token": "c1ae8587-f47b-40ce-b52f-ee0c0805491d",
        "story": 1,
        "created_at": "2024-10-02T12:30:27.257Z",
        "expires_at": "2024-10-09T12:30:27.257Z"
    }
},
{
    "model": "game.gameinvite",
    "pk": 8,
    "fields": {
        "inviter": 4,
        "token": "69a13b66-f44c-45ad-832d-ed6cec9d60f0",
        "story": 1,
        "created_at": "2024-10-02T12:30:27.446Z",
        "expires_at": "2024-10-09T12:30:27.446Z"
    }
},
{
    "model": "game.gameinvite",
    "pk": 9,
    "fields": {
        "inviter": 4,
        "token": "d7dda40f-afdc-45aa-af57-1c4a2a4a2fd2",
        "story": 1,
        "created_at": "2024-10-02T12:30:27.613Z",
        "expires_at": "2024-10-09T12:30:27.613Z"
    }
},
{
    "model": "game.gameinvite",
    "pk": 10,
    "fields": {
        "inviter": 4,
        "token": "99ca0efa-a3e4-44fa-9b78-4fcede47cc6d",
        "story": 1,
        "created_at": "2024-10-02T12:30:49.654Z",
        "expires_at": "2024-10-09T12:30:49.654Z"
    }
},
{
    "model": "game.gameinvite",
    "pk": 11,
    "fields": {
        "inviter": 4,
        "token": "2aa40916-0d36-46eb-a7ad-027af23596db",
        "story": 1,
        "created_at": "2024-10-02T12:30:49.712Z",
        "expires_at": "2024-10-09T12:30:49.712Z"
    }
},
{
    "model": "game.gameinvite",
    "pk": 12,
    "fields": {
        "inviter": 4,
        "token": "1880b726-be96-455b-8f20-376dfe2f6fef",
        "story": 1,
        "created_at": "2024-10-02T12:30:49.892Z",
        "expires_at": "2024-10-09T12:30:49.892Z"
    }
},
{
    "model": "game.gameinvite",
    "pk": 13,
    "fields": {
        "inviter": 4,
        "token": "46c468ad-22f0-4f9d-a803-8a6633a4932b",
        "story": 1,
        "created_at": "2024-10-02T12:30:50.062Z",
        "expires_at": "2024-10-09T12:30:50.062Z"
    }
},
{
    "model": "game.gameinvite",
    "pk": 14,
    "fields": {
        "inviter": 4,
        "token": "a801261e-28d3-40e8-a613-4427ebb3100d",
        "story": 1,
        "created_at": "2024-10-02T12:30:50.222Z",
        "expires_at": "2024-10-09T12:30:50.222Z"
    }
},
{
    "model": "game.gameinvite",
    "pk": 15,
    "fields": {
        "inviter": 4,
        "token": "23e7b39c-5202-41ee-9d75-6c80694fc940",
        "story": 1,
        "created_at": "2024-10-02T12:30:50.404Z",
        "expires_at": "2024-10-09T12:30:50.404Z"
    }
},
{
    "model": "game.gameinvite",
    "pk": 16,
    "fields": {
        "inviter": 4,
        "token": "b18ea88b-aa3b-4efa-8f8f-9893eb0dd629",
        "story": 1,
        "created_at": "2024-10-02T12:30:50.557Z",
        "expires_at": "2024-10-09T12:30:50.557Z"
    }
},
{
    "model": "game.gameinvite",
    "pk": 17,
    "fields": {
        "inviter": 4,
        "token": "b2368231-2317-4ef2-8e44-c70a4de67ad9",
        "story": 1,
        "created_at": "2024-10-02T12:30:50.744Z",
        "expires_at": "2024-10-09T12:30:50.744Z"
    }
},
{
    "model": "game.gameinvite",
    "pk": 18,
    "fields": {
        "inviter": 4,
        "token": "f1d62aa9-73dc-4d8c-972d-e87c4a3a5888",
        "story": 1,
        "created_at": "2024-10-02T12:30:50.921Z",
        "expires_at": "2024-10-09T12:30:50.921Z"
    }
},
{
    "model": "game.gameinvite",
    "pk": 19,
    "fields": {
        "inviter": 4,
        "token": "c5eef1a2-f9fe-4b42-a4b1-7345cfa585c4",
        "story": 1,
        "created_at": "2024-10-02T12:30:51.193Z",
        "expires_at": "2024-10-09T12:30:51.192Z"
    }
},
{
    "model": "game.gameinvite",
    "pk": 20,
    "fields": {
        "inviter": 4,
        "token": "75b629af-32f6-4b03-b16b-864178c82be2",
        "story": 1,
        "created_at": "2024-10-02T12:30:51.386Z",
        "expires_at": "2024-10-09T12:30:51.386Z"
    }
},
{
    "model": "game.gameinvite",
    "pk": 21,
    "fields": {
        "inviter": 4,
        "token": "769d682a-65b9-471b-a5e7-78b592723abb",
        "story": 1,
        "created_at": "2024-10-02T12:30:51.604Z",
        "expires_at": "2024-10-09T12:30:51.604Z"
    }
},
{
    "model": "game.gameinvite",
    "pk": 22,
    "fields": {
        "inviter": 4,
        "token": "d6bc3a49-980c-49d6-a458-fc67673dbf80",
        "story": 1,
        "created_at": "2024-10-02T12:30:51.805Z",
        "expires_at": "2024-10-09T12:30:51.805Z"
    }
},
{
    "model": "game.gameinvite",
    "pk": 23,
    "fields": {
        "inviter": 4,
        "token": "cc19167f-5cc7-407e-bb98-cf5e3c772cb4",
        "story": 1,
        "created_at": "2024-10-02T12:30:51.999Z",
        "expires_at": "2024-10-09T12:30:51.999Z"
    }
},
{
    "model": "game.gameinvite",
    "pk": 24,
    "fields": {
        "inviter": 4,
        "token": "2084515e-d62c-4637-b8d4-72e4500f7afc",
        "story": 1,
        "created_at": "2024-10-02T12:30:52.212Z",
        "expires_at": "2024-10-09T12:30:52.212Z"
    }
},
{
    "model": "game.gameinvite",
    "pk": 25,
    "fields": {
        "inviter": 4,
        "token": "9368178e-f8b6-4271-b8df-4e29f4c00750",
        "story": 1,
        "created_at": "2024-10-02T12:30:52.426Z",
        "expires_at": "2024-10-09T12:30:52.426Z"
    }
},
{
    "model": "game.gameinvite",
    "pk": 26,
    "fields": {
        "inviter": 4,
        "token": "5eb5f374-1d03-4da8-9857-e5b6a015045b",
        "story": 1,
        "created_at": "2024-10-02T12:30:52.651Z",
        "expires_at": "2024-10-09T12:30:52.651Z"
    }
},
{
    "model": "game.gameinvite",
    "pk": 27,
    "fields": {
        "inviter": 4,
        "token": "cbf17daa-0015-47b4-ba0b-c9a4fc31d3cf",
        "story": 1,
        "created_at": "2024-10-02T12:30:52.889Z",
        "expires_at": "2024-10-09T12:30:52.889Z"
    }
},
{
    "model": "game.gameinvite",
    "pk": 28,
    "fields": {
        "inviter": 4,
        "token": "5618b9f3-a29b-4fa5-b8f0-16ae057c5008",
        "story": 1,
        "created_at": "2024-10-02T12:30:53.379Z",
        "expires_at": "2024-10-09T12:30:53.378Z"
    }
},
{
    "model": "game.gameinvite",
    "pk": 29,
    "fields": {
        "inviter": 4,
        "token": "c327e179-b335-4eac-a08c-10957b7fdb06",
        "story": 1,
        "created_at": "2024-10-02T12:30:53.643Z",
        "expires_at": "2024-10-09T12:30:53.643Z"
    }
},
{
    "model": "game.gameinvite",
    "pk": 30,
    "fields": {
        "inviter": 4,
        "token": "aab13ab5-b8b9-4a1b-b82e-7404255b8a48",
        "story": 1,
        "created_at": "2024-10-02T12:31:05.444Z",
        "expires_at": "2024-10-09T12:31:05.444Z"
    }
},
{
    "model": "game.gameinvite",
    "pk": 31,
    "fields": {
        "inviter": 4,
        "token": "e991084c-56ff-4562-b1c9-856dd7cbd5fa",
        "story": 1,
        "created_at": "2024-10-02T12:31:05.461Z",
        "expires_at": "2024-10-09T12:31:05.461Z"
    }
},
{
    "model": "game.gameinvite",
    "pk": 32,
    "fields": {
        "inviter": 4,
        "token": "d724c28e-b008-4d09-9df6-7b36673b58d7",
        "story": 1,
        "created_at": "2024-10-02T12:31:06.020Z",
        "expires_at": "2024-10-09T12:31:06.020Z"
    }
},
{
    "model": "game.gameinvite",
    "pk": 33,
    "fields": {
        "inviter": 4,
        "token": "7aa0721c-09e6-4361-8463-942080ac067e",
        "story": 1,
        "created_at": "2024-10-02T12:31:06.238Z",
        "expires_at": "2024-10-09T12:31:06.238Z"
    }
},
{
    "model": "game.gameinvite",
    "pk": 34,
    "fields": {
        "inviter": 4,
        "token": "ca032eaa-f9ed-4fc7-af24-56652fa7d54f",
        "story": 1,
        "created_at": "2024-10-02T12:31:06.449Z",
        "expires_at": "2024-10-09T12:31:06.449Z"
    }
},
{
    "model": "game.gameinvite",
    "pk": 35,
    "fields": {
        "inviter": 4,
        "token": "ccebf76d-2cdd-42d2-a3dd-7b119a2a5fbf",
        "story": 1,
        "created_at": "2024-10-02T12:31:06.662Z",
        "expires_at": "2024-10-09T12:31:06.662Z"
    }
},
{
    "model": "game.gameinvite",
    "pk": 36,
    "fields": {
        "inviter": 4,
        "token": "f5fa7085-c110-4fe4-9c5b-d3f6d50a2890",
        "story": 1,
        "created_at": "2024-10-02T12:31:06.886Z",
        "expires_at": "2024-10-09T12:31:06.886Z"
    }
},
{
    "model": "game.gameinvite",
    "pk": 37,
    "fields": {
        "inviter": 4,
        "token": "eb5a17a0-df27-40df-b7bc-e4b504ce1140",
        "story": 1,
        "created_at": "2024-10-02T12:31:07.113Z",
        "expires_at": "2024-10-09T12:31:07.113Z"
    }
},
{
    "model": "game.gameinvite",
    "pk": 38,
    "fields": {
        "inviter": 4,
        "token": "69fd8ce5-8df9-4d5b-a48c-3b27e853e81b",
        "story": 1,
        "created_at": "2024-10-02T12:31:07.426Z",
        "expires_at": "2024-10-09T12:31:07.426Z"
    }
},
{
    "model": "game.gameinvite",
    "pk": 39,
    "fields": {
        "inviter": 4,
        "token": "9e623b7e-a934-4098-91c6-54ae06f6c17c",
        "story": 1,
        "created_at": "2024-10-02T12:31:07.694Z",
        "expires_at": "2024-10-09T12:31:07.694Z"
    }
},
{
    "model": "game.gameinvite",
    "pk": 40,
    "fields": {
        "inviter": 4,
        "token": "4ec00a6a-e260-4539-a7af-31cb5e27607b",
        "story": 1,
        "created_at": "2024-10-02T12:31:07.912Z",
        "expires_at": "2024-10-09T12:31:07.912Z"
    }
},
{
    "model": "game.gameinvite",
    "pk": 41,
    "fields": {
        "inviter": 4,
        "token": "4d795234-6359-42f5-be10-5521e721db60",
        "story": 1,
        "created_at": "2024-10-02T12:31:08.385Z",
        "expires_at": "2024-10-09T12:31:08.385Z"
    }
},
{
    "model": "game.gameinvite",
    "pk": 42,
    "fields": {
        "inviter": 4,
        "token": "750975ee-eada-40f3-bca1-64231cf64254",
        "story": 1,
        "created_at": "2024-10-02T12:31:08.957Z",
        "expires_at": "2024-10-09T12:31:08.957Z"
    }
},
{
    "model": "game.gameinvite",
    "pk": 43,
    "fields": {
        "inviter": 4,
        "token": "3a77a005-4073-45ba-920c-4a06abf01f43",
        "story": 1,
        "created_at": "2024-10-02T12:31:08.977Z",
        "expires_at": "2024-10-09T12:31:08.977Z"
    }
},
{
    "model": "game.gameinvite",
    "pk": 44,
    "fields": {
        "inviter": 4,
        "token": "46d5c469-5bf1-459a-9e88-bcd4c05b8370",
        "story": 1,
        "created_at": "2024-10-02T12:31:09.106Z",
        "expires_at": "2024-10-09T12:31:09.105Z"
    }
},
{
    "model": "game.gameinvite",
    "pk": 45,
    "fields": {
        "inviter": 4,
        "token": "a2adc5be-ff8e-4936-ac16-15da0cb8a9ad",
        "story": 1,
        "created_at": "2024-10-02T12:31:09.324Z",
        "expires_at": "2024-10-09T12:31:09.324Z"
    }
},
{
    "model": "game.gameinvite",
    "pk": 46,
    "fields": {
        "inviter": 4,
        "token": "9c3f92b1-96d4-45e8-a8c6-ac6ab92dc059",
        "story": 1,
        "created_at": "2024-10-02T12:31:10.037Z",
        "expires_at": "2024-10-09T12:31:10.037Z"
    }
},
{
    "model": "game.gameinvite",
    "pk": 47,
    "fields": {
        "inviter": 4,
        "token": "42474337-57c5-4011-bd0e-d10e06deedf6",
        "story": 1,
        "created_at": "2024-10-02T12:31:10.230Z",
        "expires_at": "2024-10-09T12:31:10.230Z"
    }
},
{
    "model": "game.gameinvite",
    "pk": 48,
    "fields": {
        "inviter": 4,
        "token": "9be67df8-7773-49ab-a434-40d0a16a0143",
        "story": 1,
        "created_at": "2024-10-02T12:31:10.440Z",
        "expires_at": "2024-10-09T12:31:10.440Z"
    }
},
{
    "model": "game.gameinvite",
    "pk": 49,
    "fields": {
        "inviter": 4,
        "token": "7c3dba4c-0b67-4d4e-9d97-23c59401d157",
        "story": 1,
        "created_at": "2024-10-02T12:31:10.651Z",
        "expires_at": "2024-10-09T12:31:10.651Z"
    }
},
{
    "model": "game.gameinvite",
    "pk": 50,
    "fields": {
        "inviter": 4,
        "token": "fe72d62b-606d-4e6e-a743-ee270db9b99d",
        "story": 1,
        "created_at": "2024-10-02T12:31:10.851Z",
        "expires_at": "2024-10-09T12:31:10.851Z"
    }
},
{
    "model": "game.gameinvite",
    "pk": 51,
    "fields": {
        "inviter": 4,
        "token": "cbe8b3a3-c7b7-4cf9-afb2-f5c7fc184aa8",
        "story": 1,
        "created_at": "2024-10-02T12:31:11.059Z",
        "expires_at": "2024-10-09T12:31:11.059Z"
    }
},
{
    "model": "game.gameinvite",
    "pk": 52,
    "fields": {
        "inviter": 4,
        "token": "3344d6da-f25f-4fc2-a23a-0df1abb7f82a",
        "story": 1,
        "created_at": "2024-10-02T12:31:11.286Z",
        "expires_at": "2024-10-09T12:31:11.286Z"
    }
},
{
    "model": "game.gameinvite",
    "pk": 53,
    "fields": {
        "inviter": 4,
        "token": "7c8c786d-30fb-4234-9bf1-15fa1716f1aa",
        "story": 1,
        "created_at": "2024-10-02T12:31:11.617Z",
        "expires_at": "2024-10-09T12:31:11.617Z"
    }
},
{
    "model": "game.gameinvite",
    "pk": 54,
    "fields": {
        "inviter": 4,
        "token": "a473adff-6598-413c-93d9-f4533a3baed4",
        "story": 1,
        "created_at": "2024-10-02T12:31:11.843Z",
        "expires_at": "2024-10-09T12:31:11.843Z"
    }
},
{
    "model": "game.gameinvite",
    "pk": 55,
    "fields": {
        "inviter": 4,
        "token": "ae6a33da-2b58-4337-bd35-ed88ef7b2036",
        "story": 1,
        "created_at": "2024-10-02T13:22:21.177Z",
        "expires_at": "2024-10-09T13:22:21.177Z"
    }
},
{
    "model": "game.gameinvite",
    "pk": 56,
    "fields": {
        "inviter": 4,
        "token": "207db25f-4106-45d6-8803-adf64282c78a",
        "story": 1,
        "created_at": "2024-10-14T07:51:44.830Z",
        "expires_at": "2024-10-21T07:51:44.829Z"
    }
},
{
    "model": "game.gameinvite",
    "pk": 57,
    "fields": {
        "inviter": 4,
        "token": "78d597dd-97ba-4334-8804-942c74b06d5c",
        "story": 1,
        "created_at": "2024-10-21T08:37:17.818Z",
        "expires_at": "2024-10-28T08:37:17.805Z"
    }
}
]
